Fecha,tas [K]
1850-01-16 12:00:00,290.6677
1850-02-15 00:00:00,291.35446
1850-03-16 12:00:00,290.95453
1850-04-16 00:00:00,291.96014
1850-05-16 12:00:00,292.2115
1850-06-16 00:00:00,290.69012
1850-07-16 12:00:00,289.9829
1850-08-16 12:00:00,289.87015
1850-09-16 00:00:00,288.91742
1850-10-16 12:00:00,289.37762
1850-11-16 00:00:00,289.37918
1850-12-16 12:00:00,290.17355
1851-01-16 12:00:00,290.82294
1851-02-15 00:00:00,291.5095
1851-03-16 12:00:00,291.1693
1851-04-16 00:00:00,291.91125
1851-05-16 12:00:00,291.80365
1851-06-16 00:00:00,289.60526
1851-07-16 12:00:00,288.9215
1851-08-16 12:00:00,288.2683
1851-09-16 00:00:00,289.73102
1851-10-16 12:00:00,287.93985
1851-11-16 00:00:00,288.54584
1851-12-16 12:00:00,289.84473
1852-01-16 12:00:00,291.20343
1852-02-15 12:00:00,292.31232
1852-03-16 12:00:00,292.33212
1852-04-16 00:00:00,291.492
1852-05-16 12:00:00,291.8432
1852-06-16 00:00:00,290.1211
1852-07-16 12:00:00,289.78058
1852-08-16 12:00:00,289.5663
1852-09-16 00:00:00,287.99188
1852-10-16 12:00:00,289.61456
1852-11-16 00:00:00,289.2376
1852-12-16 12:00:00,289.95264
1853-01-16 12:00:00,291.66406
1853-02-15 00:00:00,292.36844
1853-03-16 12:00:00,291.9613
1853-04-16 00:00:00,292.2979
1853-05-16 12:00:00,291.39478
1853-06-16 00:00:00,289.6723
1853-07-16 12:00:00,290.20673
1853-08-16 12:00:00,289.5611
1853-09-16 00:00:00,289.6536
1853-10-16 12:00:00,290.52197
1853-11-16 00:00:00,290.54733
1853-12-16 12:00:00,291.70135
1854-01-16 12:00:00,292.1605
1854-02-15 00:00:00,293.3001
1854-03-16 12:00:00,293.75348
1854-04-16 00:00:00,292.0318
1854-05-16 12:00:00,291.19513
1854-06-16 00:00:00,290.55597
1854-07-16 12:00:00,289.33658
1854-08-16 12:00:00,289.26318
1854-09-16 00:00:00,290.2364
1854-10-16 12:00:00,289.3957
1854-11-16 00:00:00,290.23352
1854-12-16 12:00:00,290.87677
1855-01-16 12:00:00,291.34894
1855-02-15 00:00:00,292.4508
1855-03-16 12:00:00,292.60474
1855-04-16 00:00:00,292.2254
1855-05-16 12:00:00,290.41974
1855-06-16 00:00:00,289.73425
1855-07-16 12:00:00,289.3806
1855-08-16 12:00:00,288.2315
1855-09-16 00:00:00,289.73816
1855-10-16 12:00:00,290.23502
1855-11-16 00:00:00,290.1286
1855-12-16 12:00:00,290.33224
1856-01-16 12:00:00,291.5185
1856-02-15 12:00:00,292.04565
1856-03-16 12:00:00,290.43338
1856-04-16 00:00:00,291.16162
1856-05-16 12:00:00,291.7083
1856-06-16 00:00:00,289.23358
1856-07-16 12:00:00,288.77606
1856-08-16 12:00:00,289.74084
1856-09-16 00:00:00,289.04602
1856-10-16 12:00:00,289.84454
1856-11-16 00:00:00,289.00848
1856-12-16 12:00:00,289.67014
1857-01-16 12:00:00,290.29105
1857-02-15 00:00:00,290.87024
1857-03-16 12:00:00,292.39728
1857-04-16 00:00:00,291.87384
1857-05-16 12:00:00,290.30695
1857-06-16 00:00:00,289.50653
1857-07-16 12:00:00,290.04755
1857-08-16 12:00:00,288.15143
1857-09-16 00:00:00,288.43222
1857-10-16 12:00:00,288.91074
1857-11-16 00:00:00,289.2454
1857-12-16 12:00:00,290.38147
1858-01-16 12:00:00,290.99402
1858-02-15 00:00:00,292.2331
1858-03-16 12:00:00,291.72705
1858-04-16 00:00:00,292.0231
1858-05-16 12:00:00,291.54565
1858-06-16 00:00:00,290.31537
1858-07-16 12:00:00,290.4099
1858-08-16 12:00:00,289.8644
1858-09-16 00:00:00,290.31738
1858-10-16 12:00:00,288.53748
1858-11-16 00:00:00,289.62988
1858-12-16 12:00:00,290.69736
1859-01-16 12:00:00,291.77704
1859-02-15 00:00:00,292.25116
1859-03-16 12:00:00,292.3354
1859-04-16 00:00:00,292.86298
1859-05-16 12:00:00,292.60492
1859-06-16 00:00:00,290.22495
1859-07-16 12:00:00,290.38422
1859-08-16 12:00:00,288.79474
1859-09-16 00:00:00,288.29095
1859-10-16 12:00:00,288.2627
1859-11-16 00:00:00,289.28592
1859-12-16 12:00:00,290.4087
1860-01-16 12:00:00,291.8448
1860-02-15 12:00:00,292.42126
1860-03-16 12:00:00,291.75452
1860-04-16 00:00:00,292.14334
1860-05-16 12:00:00,292.3578
1860-06-16 00:00:00,290.11963
1860-07-16 12:00:00,289.7166
1860-08-16 12:00:00,290.388
1860-09-16 00:00:00,289.24268
1860-10-16 12:00:00,290.25345
1860-11-16 00:00:00,289.56488
1860-12-16 12:00:00,291.27606
1861-01-16 12:00:00,291.24432
1861-02-15 00:00:00,290.36206
1861-03-16 12:00:00,291.1217
1861-04-16 00:00:00,291.37213
1861-05-16 12:00:00,291.54504
1861-06-16 00:00:00,289.7044
1861-07-16 12:00:00,290.42795
1861-08-16 12:00:00,289.99597
1861-09-16 00:00:00,290.44733
1861-10-16 12:00:00,290.0152
1861-11-16 00:00:00,289.61267
1861-12-16 12:00:00,289.99765
1862-01-16 12:00:00,290.01843
1862-02-15 00:00:00,291.0636
1862-03-16 12:00:00,291.64575
1862-04-16 00:00:00,291.40247
1862-05-16 12:00:00,291.6504
1862-06-16 00:00:00,291.02008
1862-07-16 12:00:00,290.48672
1862-08-16 12:00:00,289.13867
1862-09-16 00:00:00,288.65482
1862-10-16 12:00:00,288.97162
1862-11-16 00:00:00,289.0786
1862-12-16 12:00:00,289.7171
1863-01-16 12:00:00,291.05774
1863-02-15 00:00:00,291.96216
1863-03-16 12:00:00,291.75198
1863-04-16 00:00:00,291.81738
1863-05-16 12:00:00,290.3775
1863-06-16 00:00:00,290.97693
1863-07-16 12:00:00,289.55237
1863-08-16 12:00:00,289.24707
1863-09-16 00:00:00,289.5037
1863-10-16 12:00:00,288.13824
1863-11-16 00:00:00,289.51593
1863-12-16 12:00:00,290.8607
1864-01-16 12:00:00,291.30066
1864-02-15 12:00:00,292.2064
1864-03-16 12:00:00,292.28732
1864-04-16 00:00:00,292.67725
1864-05-16 12:00:00,291.61542
1864-06-16 00:00:00,290.81805
1864-07-16 12:00:00,288.86066
1864-08-16 12:00:00,287.92642
1864-09-16 00:00:00,289.82462
1864-10-16 12:00:00,288.87384
1864-11-16 00:00:00,289.44476
1864-12-16 12:00:00,289.5206
1865-01-16 12:00:00,290.71185
1865-02-15 00:00:00,291.04132
1865-03-16 12:00:00,291.44525
1865-04-16 00:00:00,291.18713
1865-05-16 12:00:00,291.2238
1865-06-16 00:00:00,289.68518
1865-07-16 12:00:00,289.78958
1865-08-16 12:00:00,288.3891
1865-09-16 00:00:00,289.50024
1865-10-16 12:00:00,290.16074
1865-11-16 00:00:00,289.56116
1865-12-16 12:00:00,289.94125
1866-01-16 12:00:00,291.40585
1866-02-15 00:00:00,292.65646
1866-03-16 12:00:00,292.94006
1866-04-16 00:00:00,292.54523
1866-05-16 12:00:00,291.74237
1866-06-16 00:00:00,291.5097
1866-07-16 12:00:00,289.98743
1866-08-16 12:00:00,289.46002
1866-09-16 00:00:00,289.09308
1866-10-16 12:00:00,289.01248
1866-11-16 00:00:00,290.14557
1866-12-16 12:00:00,290.76285
1867-01-16 12:00:00,292.528
1867-02-15 00:00:00,293.34576
1867-03-16 12:00:00,292.96088
1867-04-16 00:00:00,291.4201
1867-05-16 12:00:00,289.64655
1867-06-16 00:00:00,291.38272
1867-07-16 12:00:00,289.89313
1867-08-16 12:00:00,289.35886
1867-09-16 00:00:00,290.84955
1867-10-16 12:00:00,289.64767
1867-11-16 00:00:00,289.7681
1867-12-16 12:00:00,291.08575
1868-01-16 12:00:00,292.26996
1868-02-15 12:00:00,292.79584
1868-03-16 12:00:00,292.6974
1868-04-16 00:00:00,292.1004
1868-05-16 12:00:00,291.26282
1868-06-16 00:00:00,289.71997
1868-07-16 12:00:00,289.32877
1868-08-16 12:00:00,289.5363
1868-09-16 00:00:00,288.53436
1868-10-16 12:00:00,289.57776
1868-11-16 00:00:00,290.07938
1868-12-16 12:00:00,291.0515
1869-01-16 12:00:00,291.83856
1869-02-15 00:00:00,291.86658
1869-03-16 12:00:00,292.1449
1869-04-16 00:00:00,291.7486
1869-05-16 12:00:00,290.4962
1869-06-16 00:00:00,288.01465
1869-07-16 12:00:00,289.5274
1869-08-16 12:00:00,289.66925
1869-09-16 00:00:00,289.58545
1869-10-16 12:00:00,289.32532
1869-11-16 00:00:00,288.72888
1869-12-16 12:00:00,289.05792
1870-01-16 12:00:00,289.85764
1870-02-15 00:00:00,291.67007
1870-03-16 12:00:00,291.28107
1870-04-16 00:00:00,291.714
1870-05-16 12:00:00,289.94897
1870-06-16 00:00:00,289.74396
1870-07-16 12:00:00,288.64313
1870-08-16 12:00:00,288.12903
1870-09-16 00:00:00,288.26868
1870-10-16 12:00:00,289.17517
1870-11-16 00:00:00,290.43176
1870-12-16 12:00:00,291.00497
1871-01-16 12:00:00,290.61774
1871-02-15 00:00:00,290.90503
1871-03-16 12:00:00,291.1518
1871-04-16 00:00:00,291.341
1871-05-16 12:00:00,291.4685
1871-06-16 00:00:00,290.41132
1871-07-16 12:00:00,286.9532
1871-08-16 12:00:00,288.45032
1871-09-16 00:00:00,289.42874
1871-10-16 12:00:00,289.5459
1871-11-16 00:00:00,289.4462
1871-12-16 12:00:00,290.08246
1872-01-16 12:00:00,290.34863
1872-02-15 12:00:00,291.53406
1872-03-16 12:00:00,291.57565
1872-04-16 00:00:00,291.67715
1872-05-16 12:00:00,292.23206
1872-06-16 00:00:00,291.4239
1872-07-16 12:00:00,289.55048
1872-08-16 12:00:00,288.01514
1872-09-16 00:00:00,289.35657
1872-10-16 12:00:00,289.39294
1872-11-16 00:00:00,289.77374
1872-12-16 12:00:00,290.90924
1873-01-16 12:00:00,291.54022
1873-02-15 00:00:00,291.84137
1873-03-16 12:00:00,292.74432
1873-04-16 00:00:00,293.23672
1873-05-16 12:00:00,293.08478
1873-06-16 00:00:00,292.10077
1873-07-16 12:00:00,289.6132
1873-08-16 12:00:00,289.80426
1873-09-16 00:00:00,288.9493
1873-10-16 12:00:00,289.13278
1873-11-16 00:00:00,289.45462
1873-12-16 12:00:00,291.31726
1874-01-16 12:00:00,292.6742
1874-02-15 00:00:00,291.92578
1874-03-16 12:00:00,292.6811
1874-04-16 00:00:00,292.64722
1874-05-16 12:00:00,292.5415
1874-06-16 00:00:00,290.67822
1874-07-16 12:00:00,290.08386
1874-08-16 12:00:00,289.75897
1874-09-16 00:00:00,290.17566
1874-10-16 12:00:00,290.14783
1874-11-16 00:00:00,289.7895
1874-12-16 12:00:00,290.441
1875-01-16 12:00:00,290.73492
1875-02-15 00:00:00,291.6872
1875-03-16 12:00:00,292.3787
1875-04-16 00:00:00,292.676
1875-05-16 12:00:00,291.28424
1875-06-16 00:00:00,289.44867
1875-07-16 12:00:00,288.8034
1875-08-16 12:00:00,290.04462
1875-09-16 00:00:00,290.58063
1875-10-16 12:00:00,290.74774
1875-11-16 00:00:00,290.89215
1875-12-16 12:00:00,290.35797
1876-01-16 12:00:00,291.74533
1876-02-15 12:00:00,292.23862
1876-03-16 12:00:00,292.69388
1876-04-16 00:00:00,292.1385
1876-05-16 12:00:00,291.34973
1876-06-16 00:00:00,290.64148
1876-07-16 12:00:00,290.61008
1876-08-16 12:00:00,290.2623
1876-09-16 00:00:00,290.72382
1876-10-16 12:00:00,290.38953
1876-11-16 00:00:00,290.0771
1876-12-16 12:00:00,291.59213
1877-01-16 12:00:00,292.0758
1877-02-15 00:00:00,292.2733
1877-03-16 12:00:00,292.2183
1877-04-16 00:00:00,292.8875
1877-05-16 12:00:00,291.76697
1877-06-16 00:00:00,291.75748
1877-07-16 12:00:00,288.96722
1877-08-16 12:00:00,288.9308
1877-09-16 00:00:00,288.82263
1877-10-16 12:00:00,289.14117
1877-11-16 00:00:00,289.50815
1877-12-16 12:00:00,290.3714
1878-01-16 12:00:00,291.58917
1878-02-15 00:00:00,291.8833
1878-03-16 12:00:00,293.32068
1878-04-16 00:00:00,292.1728
1878-05-16 12:00:00,289.78937
1878-06-16 00:00:00,290.43103
1878-07-16 12:00:00,289.9038
1878-08-16 12:00:00,287.91382
1878-09-16 00:00:00,289.13696
1878-10-16 12:00:00,289.67963
1878-11-16 00:00:00,289.47662
1878-12-16 12:00:00,290.72604
1879-01-16 12:00:00,290.9344
1879-02-15 00:00:00,292.0509
1879-03-16 12:00:00,291.93805
1879-04-16 00:00:00,293.4245
1879-05-16 12:00:00,292.51346
1879-06-16 00:00:00,289.66327
1879-07-16 12:00:00,289.64813
1879-08-16 12:00:00,289.44022
1879-09-16 00:00:00,290.39417
1879-10-16 12:00:00,289.57385
1879-11-16 00:00:00,289.83063
1879-12-16 12:00:00,290.81763
1880-01-16 12:00:00,291.5588
1880-02-15 12:00:00,293.00153
1880-03-16 12:00:00,293.39465
1880-04-16 00:00:00,292.61197
1880-05-16 12:00:00,292.61365
1880-06-16 00:00:00,288.69763
1880-07-16 12:00:00,290.12976
1880-08-16 12:00:00,290.18884
1880-09-16 00:00:00,288.64517
1880-10-16 12:00:00,290.3735
1880-11-16 00:00:00,289.11142
1880-12-16 12:00:00,290.63336
1881-01-16 12:00:00,292.20966
1881-02-15 00:00:00,293.1129
1881-03-16 12:00:00,292.1292
1881-04-16 00:00:00,292.11285
1881-05-16 12:00:00,291.13382
1881-06-16 00:00:00,291.9055
1881-07-16 12:00:00,290.01514
1881-08-16 12:00:00,287.84363
1881-09-16 00:00:00,289.48764
1881-10-16 12:00:00,289.57703
1881-11-16 00:00:00,288.95416
1881-12-16 12:00:00,290.41702
1882-01-16 12:00:00,290.9328
1882-02-15 00:00:00,290.88043
1882-03-16 12:00:00,291.96375
1882-04-16 00:00:00,291.8778
1882-05-16 12:00:00,290.9257
1882-06-16 00:00:00,291.75342
1882-07-16 12:00:00,289.89362
1882-08-16 12:00:00,289.08148
1882-09-16 00:00:00,289.10724
1882-10-16 12:00:00,288.50146
1882-11-16 00:00:00,288.7204
1882-12-16 12:00:00,289.38165
1883-01-16 12:00:00,290.59155
1883-02-15 00:00:00,291.7118
1883-03-16 12:00:00,291.74646
1883-04-16 00:00:00,291.24243
1883-05-16 12:00:00,291.64896
1883-06-16 00:00:00,291.6294
1883-07-16 12:00:00,289.2273
1883-08-16 12:00:00,288.63123
1883-09-16 00:00:00,289.61066
1883-10-16 12:00:00,288.03522
1883-11-16 00:00:00,289.15277
1883-12-16 12:00:00,290.70386
1884-01-16 12:00:00,291.63092
1884-02-15 12:00:00,291.4964
1884-03-16 12:00:00,292.47754
1884-04-16 00:00:00,292.0942
1884-05-16 12:00:00,290.8421
1884-06-16 00:00:00,291.26404
1884-07-16 12:00:00,289.38104
1884-08-16 12:00:00,288.2591
1884-09-16 00:00:00,290.01056
1884-10-16 12:00:00,288.807
1884-11-16 00:00:00,288.30847
1884-12-16 12:00:00,289.98694
1885-01-16 12:00:00,290.4916
1885-02-15 00:00:00,290.93744
1885-03-16 12:00:00,291.10364
1885-04-16 00:00:00,290.62094
1885-05-16 12:00:00,290.401
1885-06-16 00:00:00,288.26184
1885-07-16 12:00:00,290.0667
1885-08-16 12:00:00,288.779
1885-09-16 00:00:00,288.10382
1885-10-16 12:00:00,288.68246
1885-11-16 00:00:00,288.9247
1885-12-16 12:00:00,289.60333
1886-01-16 12:00:00,290.1388
1886-02-15 00:00:00,291.09827
1886-03-16 12:00:00,291.42432
1886-04-16 00:00:00,290.91022
1886-05-16 12:00:00,290.82144
1886-06-16 00:00:00,289.0996
1886-07-16 12:00:00,288.75897
1886-08-16 12:00:00,287.63696
1886-09-16 00:00:00,288.52045
1886-10-16 12:00:00,288.86615
1886-11-16 00:00:00,289.2782
1886-12-16 12:00:00,290.4082
1887-01-16 12:00:00,291.23053
1887-02-15 00:00:00,291.70166
1887-03-16 12:00:00,291.41357
1887-04-16 00:00:00,290.9752
1887-05-16 12:00:00,291.67188
1887-06-16 00:00:00,290.2234
1887-07-16 12:00:00,289.3388
1887-08-16 12:00:00,288.63446
1887-09-16 00:00:00,288.86966
1887-10-16 12:00:00,288.94556
1887-11-16 00:00:00,288.9242
1887-12-16 12:00:00,290.3758
1888-01-16 12:00:00,290.96704
1888-02-15 12:00:00,292.221
1888-03-16 12:00:00,291.85382
1888-04-16 00:00:00,292.7772
1888-05-16 12:00:00,293.53854
1888-06-16 00:00:00,291.7771
1888-07-16 12:00:00,289.89627
1888-08-16 12:00:00,289.39844
1888-09-16 00:00:00,288.8731
1888-10-16 12:00:00,290.2005
1888-11-16 00:00:00,290.06415
1888-12-16 12:00:00,291.03143
1889-01-16 12:00:00,291.36267
1889-02-15 00:00:00,291.90588
1889-03-16 12:00:00,292.70758
1889-04-16 00:00:00,292.27435
1889-05-16 12:00:00,291.44608
1889-06-16 00:00:00,290.94293
1889-07-16 12:00:00,289.93964
1889-08-16 12:00:00,289.21097
1889-09-16 00:00:00,289.0807
1889-10-16 12:00:00,289.24048
1889-11-16 00:00:00,290.60168
1889-12-16 12:00:00,290.85577
1890-01-16 12:00:00,291.20258
1890-02-15 00:00:00,291.757
1890-03-16 12:00:00,291.77426
1890-04-16 00:00:00,291.9911
1890-05-16 12:00:00,290.89868
1890-06-16 00:00:00,289.25168
1890-07-16 12:00:00,288.4864
1890-08-16 12:00:00,290.5514
1890-09-16 00:00:00,288.07568
1890-10-16 12:00:00,288.88812
1890-11-16 00:00:00,289.15063
1890-12-16 12:00:00,289.26828
1891-01-16 12:00:00,290.813
1891-02-15 00:00:00,292.1737
1891-03-16 12:00:00,291.65375
1891-04-16 00:00:00,292.9763
1891-05-16 12:00:00,291.5093
1891-06-16 00:00:00,291.15454
1891-07-16 12:00:00,288.2395
1891-08-16 12:00:00,289.0891
1891-09-16 00:00:00,286.4795
1891-10-16 12:00:00,287.8656
1891-11-16 00:00:00,288.8407
1891-12-16 12:00:00,289.73676
1892-01-16 12:00:00,290.6737
1892-02-15 12:00:00,291.29462
1892-03-16 12:00:00,291.09607
1892-04-16 00:00:00,290.78772
1892-05-16 12:00:00,290.34082
1892-06-16 00:00:00,289.34174
1892-07-16 12:00:00,290.00815
1892-08-16 12:00:00,288.50253
1892-09-16 00:00:00,290.3629
1892-10-16 12:00:00,289.20337
1892-11-16 00:00:00,289.60593
1892-12-16 12:00:00,290.68243
1893-01-16 12:00:00,290.62677
1893-02-15 00:00:00,291.6424
1893-03-16 12:00:00,291.8408
1893-04-16 00:00:00,291.8512
1893-05-16 12:00:00,290.38968
1893-06-16 00:00:00,291.70984
1893-07-16 12:00:00,290.60852
1893-08-16 12:00:00,288.5672
1893-09-16 00:00:00,288.9571
1893-10-16 12:00:00,288.87427
1893-11-16 00:00:00,289.86505
1893-12-16 12:00:00,290.08044
1894-01-16 12:00:00,292.2233
1894-02-15 00:00:00,291.93317
1894-03-16 12:00:00,292.23407
1894-04-16 00:00:00,291.7641
1894-05-16 12:00:00,290.91608
1894-06-16 00:00:00,290.55658
1894-07-16 12:00:00,290.0953
1894-08-16 12:00:00,289.4782
1894-09-16 00:00:00,289.83984
1894-10-16 12:00:00,289.52246
1894-11-16 00:00:00,290.05737
1894-12-16 12:00:00,290.72495
1895-01-16 12:00:00,290.4939
1895-02-15 00:00:00,291.0204
1895-03-16 12:00:00,291.76343
1895-04-16 00:00:00,291.2187
1895-05-16 12:00:00,291.33612
1895-06-16 00:00:00,289.42877
1895-07-16 12:00:00,288.5143
1895-08-16 12:00:00,289.49362
1895-09-16 00:00:00,289.81512
1895-10-16 12:00:00,287.85742
1895-11-16 00:00:00,288.40387
1895-12-16 12:00:00,290.58896
1896-01-16 12:00:00,290.69046
1896-02-15 12:00:00,290.86365
1896-03-16 12:00:00,292.52216
1896-04-16 00:00:00,291.96762
1896-05-16 12:00:00,290.49127
1896-06-16 00:00:00,290.05084
1896-07-16 12:00:00,289.91537
1896-08-16 12:00:00,288.39514
1896-09-16 00:00:00,289.80975
1896-10-16 12:00:00,289.3894
1896-11-16 00:00:00,290.10962
1896-12-16 12:00:00,290.43036
1897-01-16 12:00:00,291.12164
1897-02-15 00:00:00,292.13947
1897-03-16 12:00:00,292.123
1897-04-16 00:00:00,292.35483
1897-05-16 12:00:00,291.27747
1897-06-16 00:00:00,291.42828
1897-07-16 12:00:00,289.91727
1897-08-16 12:00:00,290.38336
1897-09-16 00:00:00,289.65637
1897-10-16 12:00:00,290.2299
1897-11-16 00:00:00,290.20303
1897-12-16 12:00:00,291.65656
1898-01-16 12:00:00,291.8707
1898-02-15 00:00:00,292.79218
1898-03-16 12:00:00,292.09686
1898-04-16 00:00:00,291.51917
1898-05-16 12:00:00,292.08752
1898-06-16 00:00:00,290.8787
1898-07-16 12:00:00,289.15662
1898-08-16 12:00:00,288.25836
1898-09-16 00:00:00,287.70276
1898-10-16 12:00:00,288.32648
1898-11-16 00:00:00,288.67682
1898-12-16 12:00:00,290.1839
1899-01-16 12:00:00,291.1612
1899-02-15 00:00:00,292.47565
1899-03-16 12:00:00,291.42896
1899-04-16 00:00:00,291.40997
1899-05-16 12:00:00,291.25336
1899-06-16 00:00:00,290.88162
1899-07-16 12:00:00,289.88806
1899-08-16 12:00:00,287.36823
1899-09-16 00:00:00,289.8435
1899-10-16 12:00:00,288.53424
1899-11-16 00:00:00,289.62958
1899-12-16 12:00:00,290.851
1900-01-16 12:00:00,290.5671
1900-02-15 00:00:00,291.213
1900-03-16 12:00:00,292.38235
1900-04-16 00:00:00,291.6549
1900-05-16 12:00:00,291.52905
1900-06-16 00:00:00,288.289
1900-07-16 12:00:00,288.7012
1900-08-16 12:00:00,288.3189
1900-09-16 00:00:00,289.66263
1900-10-16 12:00:00,289.18384
1900-11-16 00:00:00,289.55
1900-12-16 12:00:00,289.78174
1901-01-16 12:00:00,290.3253
1901-02-15 00:00:00,291.2624
1901-03-16 12:00:00,291.466
1901-04-16 00:00:00,291.3366
1901-05-16 12:00:00,290.91913
1901-06-16 00:00:00,290.29352
1901-07-16 12:00:00,289.02252
1901-08-16 12:00:00,288.98187
1901-09-16 00:00:00,288.99136
1901-10-16 12:00:00,289.1667
1901-11-16 00:00:00,289.0714
1901-12-16 12:00:00,290.111
1902-01-16 12:00:00,290.41193
1902-02-15 00:00:00,291.05917
1902-03-16 12:00:00,291.99283
1902-04-16 00:00:00,291.83728
1902-05-16 12:00:00,292.64
1902-06-16 00:00:00,289.94073
1902-07-16 12:00:00,289.88455
1902-08-16 12:00:00,287.41635
1902-09-16 00:00:00,288.859
1902-10-16 12:00:00,289.45868
1902-11-16 00:00:00,289.19913
1902-12-16 12:00:00,290.38293
1903-01-16 12:00:00,291.06522
1903-02-15 00:00:00,291.56238
1903-03-16 12:00:00,292.1714
1903-04-16 00:00:00,292.35712
1903-05-16 12:00:00,290.38745
1903-06-16 00:00:00,290.22455
1903-07-16 12:00:00,289.7049
1903-08-16 12:00:00,289.8346
1903-09-16 00:00:00,287.57257
1903-10-16 12:00:00,289.54254
1903-11-16 00:00:00,290.99194
1903-12-16 12:00:00,290.44397
1904-01-16 12:00:00,291.4389
1904-02-15 12:00:00,292.2574
1904-03-16 12:00:00,292.4604
1904-04-16 00:00:00,291.9297
1904-05-16 12:00:00,291.87152
1904-06-16 00:00:00,290.5823
1904-07-16 12:00:00,289.85095
1904-08-16 12:00:00,288.73105
1904-09-16 00:00:00,290.13135
1904-10-16 12:00:00,289.64246
1904-11-16 00:00:00,289.39645
1904-12-16 12:00:00,289.9257
1905-01-16 12:00:00,291.8886
1905-02-15 00:00:00,292.30756
1905-03-16 12:00:00,291.378
1905-04-16 00:00:00,291.86264
1905-05-16 12:00:00,290.61017
1905-06-16 00:00:00,289.6139
1905-07-16 12:00:00,289.12378
1905-08-16 12:00:00,288.5962
1905-09-16 00:00:00,289.10452
1905-10-16 12:00:00,288.2951
1905-11-16 00:00:00,289.65802
1905-12-16 12:00:00,290.4837
1906-01-16 12:00:00,291.15753
1906-02-15 00:00:00,291.5647
1906-03-16 12:00:00,291.6173
1906-04-16 00:00:00,291.4671
1906-05-16 12:00:00,291.87787
1906-06-16 00:00:00,289.94202
1906-07-16 12:00:00,290.24915
1906-08-16 12:00:00,285.94586
1906-09-16 00:00:00,288.3692
1906-10-16 12:00:00,288.65668
1906-11-16 00:00:00,288.61176
1906-12-16 12:00:00,289.31857
1907-01-16 12:00:00,290.52563
1907-02-15 00:00:00,290.90295
1907-03-16 12:00:00,291.08194
1907-04-16 00:00:00,291.48022
1907-05-16 12:00:00,290.43793
1907-06-16 00:00:00,290.36163
1907-07-16 12:00:00,290.0374
1907-08-16 12:00:00,290.1363
1907-09-16 00:00:00,289.42874
1907-10-16 12:00:00,288.47314
1907-11-16 00:00:00,288.65314
1907-12-16 12:00:00,289.7848
1908-01-16 12:00:00,290.11145
1908-02-15 12:00:00,292.0878
1908-03-16 12:00:00,291.72827
1908-04-16 00:00:00,291.5663
1908-05-16 12:00:00,291.5763
1908-06-16 00:00:00,289.07944
1908-07-16 12:00:00,287.39978
1908-08-16 12:00:00,286.39032
1908-09-16 00:00:00,287.77844
1908-10-16 12:00:00,288.06873
1908-11-16 00:00:00,289.58
1908-12-16 12:00:00,290.14484
1909-01-16 12:00:00,292.31244
1909-02-15 00:00:00,293.39853
1909-03-16 12:00:00,291.97217
1909-04-16 00:00:00,291.82404
1909-05-16 12:00:00,290.85815
1909-06-16 00:00:00,289.6926
1909-07-16 12:00:00,290.26495
1909-08-16 12:00:00,289.5345
1909-09-16 00:00:00,289.8852
1909-10-16 12:00:00,289.2082
1909-11-16 00:00:00,290.0404
1909-12-16 12:00:00,290.5818
1910-01-16 12:00:00,291.5654
1910-02-15 00:00:00,292.7009
1910-03-16 12:00:00,292.37512
1910-04-16 00:00:00,291.66672
1910-05-16 12:00:00,291.67847
1910-06-16 00:00:00,290.297
1910-07-16 12:00:00,288.45648
1910-08-16 12:00:00,289.12076
1910-09-16 00:00:00,288.62683
1910-10-16 12:00:00,287.25714
1910-11-16 00:00:00,288.47742
1910-12-16 12:00:00,289.73083
1911-01-16 12:00:00,291.70984
1911-02-15 00:00:00,291.64093
1911-03-16 12:00:00,292.15314
1911-04-16 00:00:00,291.55887
1911-05-16 12:00:00,290.98355
1911-06-16 00:00:00,289.92444
1911-07-16 12:00:00,290.0781
1911-08-16 12:00:00,290.17075
1911-09-16 00:00:00,288.29327
1911-10-16 12:00:00,289.20874
1911-11-16 00:00:00,289.5019
1911-12-16 12:00:00,289.74915
1912-01-16 12:00:00,291.43774
1912-02-15 12:00:00,291.46716
1912-03-16 12:00:00,292.34332
1912-04-16 00:00:00,291.42166
1912-05-16 12:00:00,292.2169
1912-06-16 00:00:00,290.49646
1912-07-16 12:00:00,290.35107
1912-08-16 12:00:00,290.2296
1912-09-16 00:00:00,289.65814
1912-10-16 12:00:00,289.0047
1912-11-16 00:00:00,289.45673
1912-12-16 12:00:00,291.11572
1913-01-16 12:00:00,292.9928
1913-02-15 00:00:00,293.59427
1913-03-16 12:00:00,292.6457
1913-04-16 00:00:00,292.15082
1913-05-16 12:00:00,292.17807
1913-06-16 00:00:00,290.91397
1913-07-16 12:00:00,291.01038
1913-08-16 12:00:00,288.51242
1913-09-16 00:00:00,289.96008
1913-10-16 12:00:00,288.7572
1913-11-16 00:00:00,290.0354
1913-12-16 12:00:00,290.96143
1914-01-16 12:00:00,291.42282
1914-02-15 00:00:00,291.51453
1914-03-16 12:00:00,291.46356
1914-04-16 00:00:00,290.6558
1914-05-16 12:00:00,291.64807
1914-06-16 00:00:00,291.67426
1914-07-16 12:00:00,290.73242
1914-08-16 12:00:00,289.57672
1914-09-16 00:00:00,289.85175
1914-10-16 12:00:00,289.23267
1914-11-16 00:00:00,289.43616
1914-12-16 12:00:00,290.0821
1915-01-16 12:00:00,290.93027
1915-02-15 00:00:00,291.91266
1915-03-16 12:00:00,292.62183
1915-04-16 00:00:00,291.54822
1915-05-16 12:00:00,292.46112
1915-06-16 00:00:00,291.08582
1915-07-16 12:00:00,291.37106
1915-08-16 12:00:00,290.38617
1915-09-16 00:00:00,290.22223
1915-10-16 12:00:00,288.638
1915-11-16 00:00:00,289.57294
1915-12-16 12:00:00,291.71133
1916-01-16 12:00:00,291.77283
1916-02-15 12:00:00,292.02972
1916-03-16 12:00:00,292.52942
1916-04-16 00:00:00,292.39908
1916-05-16 12:00:00,292.08923
1916-06-16 00:00:00,290.15207
1916-07-16 12:00:00,287.8562
1916-08-16 12:00:00,288.8157
1916-09-16 00:00:00,290.6588
1916-10-16 12:00:00,290.75308
1916-11-16 00:00:00,289.71295
1916-12-16 12:00:00,290.3861
1917-01-16 12:00:00,292.03076
1917-02-15 00:00:00,291.3572
1917-03-16 12:00:00,292.7506
1917-04-16 00:00:00,291.61658
1917-05-16 12:00:00,289.5742
1917-06-16 00:00:00,289.94733
1917-07-16 12:00:00,289.53363
1917-08-16 12:00:00,288.67957
1917-09-16 00:00:00,289.18427
1917-10-16 12:00:00,289.36298
1917-11-16 00:00:00,289.54865
1917-12-16 12:00:00,290.24567
1918-01-16 12:00:00,290.97034
1918-02-15 00:00:00,291.1686
1918-03-16 12:00:00,292.15958
1918-04-16 00:00:00,292.4328
1918-05-16 12:00:00,291.73206
1918-06-16 00:00:00,290.66156
1918-07-16 12:00:00,289.15817
1918-08-16 12:00:00,289.34924
1918-09-16 00:00:00,288.32745
1918-10-16 12:00:00,289.12897
1918-11-16 00:00:00,289.7263
1918-12-16 12:00:00,290.12006
1919-01-16 12:00:00,291.35593
1919-02-15 00:00:00,292.8249
1919-03-16 12:00:00,292.10236
1919-04-16 00:00:00,292.487
1919-05-16 12:00:00,292.66577
1919-06-16 00:00:00,290.1192
1919-07-16 12:00:00,290.9655
1919-08-16 12:00:00,289.47324
1919-09-16 00:00:00,289.17297
1919-10-16 12:00:00,289.69672
1919-11-16 00:00:00,290.08783
1919-12-16 12:00:00,290.37363
1920-01-16 12:00:00,290.90036
1920-02-15 12:00:00,291.74118
1920-03-16 12:00:00,291.8854
1920-04-16 00:00:00,292.34607
1920-05-16 12:00:00,292.43878
1920-06-16 00:00:00,290.9134
1920-07-16 12:00:00,290.91748
1920-08-16 12:00:00,287.8682
1920-09-16 00:00:00,288.93042
1920-10-16 12:00:00,288.82217
1920-11-16 00:00:00,289.25348
1920-12-16 12:00:00,289.60986
1921-01-16 12:00:00,291.22223
1921-02-15 00:00:00,291.4209
1921-03-16 12:00:00,291.63342
1921-04-16 00:00:00,290.8846
1921-05-16 12:00:00,291.2672
1921-06-16 00:00:00,288.6547
1921-07-16 12:00:00,290.27444
1921-08-16 12:00:00,289.7989
1921-09-16 00:00:00,289.94183
1921-10-16 12:00:00,289.5348
1921-11-16 00:00:00,289.73303
1921-12-16 12:00:00,290.1324
1922-01-16 12:00:00,290.61017
1922-02-15 00:00:00,291.73907
1922-03-16 12:00:00,291.44098
1922-04-16 00:00:00,291.68
1922-05-16 12:00:00,290.58206
1922-06-16 00:00:00,290.2831
1922-07-16 12:00:00,290.05762
1922-08-16 12:00:00,289.97598
1922-09-16 00:00:00,289.43185
1922-10-16 12:00:00,288.65637
1922-11-16 00:00:00,288.95435
1922-12-16 12:00:00,290.07574
1923-01-16 12:00:00,290.8492
1923-02-15 00:00:00,291.9649
1923-03-16 12:00:00,292.01392
1923-04-16 00:00:00,291.11722
1923-05-16 12:00:00,289.84216
1923-06-16 00:00:00,289.00208
1923-07-16 12:00:00,288.7907
1923-08-16 12:00:00,289.79953
1923-09-16 00:00:00,289.1327
1923-10-16 12:00:00,287.84613
1923-11-16 00:00:00,288.83124
1923-12-16 12:00:00,290.06064
1924-01-16 12:00:00,290.4655
1924-02-15 12:00:00,291.34015
1924-03-16 12:00:00,292.38782
1924-04-16 00:00:00,292.4508
1924-05-16 12:00:00,292.11124
1924-06-16 00:00:00,289.44696
1924-07-16 12:00:00,289.20422
1924-08-16 12:00:00,289.3014
1924-09-16 00:00:00,288.6932
1924-10-16 12:00:00,289.2943
1924-11-16 00:00:00,289.65723
1924-12-16 12:00:00,290.70126
1925-01-16 12:00:00,291.32687
1925-02-15 00:00:00,292.30072
1925-03-16 12:00:00,291.74805
1925-04-16 00:00:00,291.83453
1925-05-16 12:00:00,291.5442
1925-06-16 00:00:00,291.40433
1925-07-16 12:00:00,289.4907
1925-08-16 12:00:00,289.3852
1925-09-16 00:00:00,289.53693
1925-10-16 12:00:00,289.87646
1925-11-16 00:00:00,289.58795
1925-12-16 12:00:00,290.46426
1926-01-16 12:00:00,291.11755
1926-02-15 00:00:00,291.58472
1926-03-16 12:00:00,290.76312
1926-04-16 00:00:00,291.23248
1926-05-16 12:00:00,291.6851
1926-06-16 00:00:00,288.55777
1926-07-16 12:00:00,289.61157
1926-08-16 12:00:00,289.5967
1926-09-16 00:00:00,289.09296
1926-10-16 12:00:00,288.88644
1926-11-16 00:00:00,287.86377
1926-12-16 12:00:00,289.46606
1927-01-16 12:00:00,290.2899
1927-02-15 00:00:00,290.85065
1927-03-16 12:00:00,291.49475
1927-04-16 00:00:00,290.13995
1927-05-16 12:00:00,290.41644
1927-06-16 00:00:00,290.64462
1927-07-16 12:00:00,289.4183
1927-08-16 12:00:00,290.24005
1927-09-16 00:00:00,288.68677
1927-10-16 12:00:00,288.25375
1927-11-16 00:00:00,289.36362
1927-12-16 12:00:00,289.75644
1928-01-16 12:00:00,290.91486
1928-02-15 12:00:00,291.19086
1928-03-16 12:00:00,292.68414
1928-04-16 00:00:00,292.46683
1928-05-16 12:00:00,292.2469
1928-06-16 00:00:00,289.82733
1928-07-16 12:00:00,290.45996
1928-08-16 12:00:00,287.70773
1928-09-16 00:00:00,289.00107
1928-10-16 12:00:00,288.99167
1928-11-16 00:00:00,288.69818
1928-12-16 12:00:00,289.6737
1929-01-16 12:00:00,290.4751
1929-02-15 00:00:00,291.81104
1929-03-16 12:00:00,290.97827
1929-04-16 00:00:00,291.37506
1929-05-16 12:00:00,291.58673
1929-06-16 00:00:00,291.0537
1929-07-16 12:00:00,288.49985
1929-08-16 12:00:00,288.63943
1929-09-16 00:00:00,288.9054
1929-10-16 12:00:00,288.351
1929-11-16 00:00:00,289.3894
1929-12-16 12:00:00,290.7325
1930-01-16 12:00:00,290.5998
1930-02-15 00:00:00,291.32043
1930-03-16 12:00:00,291.33472
1930-04-16 00:00:00,291.00958
1930-05-16 12:00:00,290.3213
1930-06-16 00:00:00,290.04904
1930-07-16 12:00:00,289.6419
1930-08-16 12:00:00,289.05182
1930-09-16 00:00:00,288.29495
1930-10-16 12:00:00,288.90436
1930-11-16 00:00:00,288.94904
1930-12-16 12:00:00,289.69183
1931-01-16 12:00:00,290.89053
1931-02-15 00:00:00,292.07465
1931-03-16 12:00:00,292.15628
1931-04-16 00:00:00,291.4732
1931-05-16 12:00:00,291.72244
1931-06-16 00:00:00,290.1046
1931-07-16 12:00:00,289.0598
1931-08-16 12:00:00,289.4349
1931-09-16 00:00:00,288.54498
1931-10-16 12:00:00,288.80078
1931-11-16 00:00:00,290.31696
1931-12-16 12:00:00,290.276
1932-01-16 12:00:00,291.34515
1932-02-15 12:00:00,291.7838
1932-03-16 12:00:00,292.41913
1932-04-16 00:00:00,291.92877
1932-05-16 12:00:00,290.79056
1932-06-16 00:00:00,292.04523
1932-07-16 12:00:00,289.05255
1932-08-16 12:00:00,289.86133
1932-09-16 00:00:00,287.4959
1932-10-16 12:00:00,288.15363
1932-11-16 00:00:00,289.2863
1932-12-16 12:00:00,290.29355
1933-01-16 12:00:00,291.1711
1933-02-15 00:00:00,291.94098
1933-03-16 12:00:00,292.42078
1933-04-16 00:00:00,291.7318
1933-05-16 12:00:00,291.7998
1933-06-16 00:00:00,290.81018
1933-07-16 12:00:00,290.42496
1933-08-16 12:00:00,288.4566
1933-09-16 00:00:00,288.84662
1933-10-16 12:00:00,289.41318
1933-11-16 00:00:00,289.87616
1933-12-16 12:00:00,289.99182
1934-01-16 12:00:00,289.98096
1934-02-15 00:00:00,291.11575
1934-03-16 12:00:00,292.5332
1934-04-16 00:00:00,291.6818
1934-05-16 12:00:00,292.26907
1934-06-16 00:00:00,290.01465
1934-07-16 12:00:00,289.69482
1934-08-16 12:00:00,288.53723
1934-09-16 00:00:00,288.65933
1934-10-16 12:00:00,289.6097
1934-11-16 00:00:00,290.44202
1934-12-16 12:00:00,290.87094
1935-01-16 12:00:00,292.39166
1935-02-15 00:00:00,293.31726
1935-03-16 12:00:00,293.59457
1935-04-16 00:00:00,293.3908
1935-05-16 12:00:00,293.34814
1935-06-16 00:00:00,289.99634
1935-07-16 12:00:00,290.51526
1935-08-16 12:00:00,291.08685
1935-09-16 00:00:00,290.0537
1935-10-16 12:00:00,290.1981
1935-11-16 00:00:00,290.6422
1935-12-16 12:00:00,290.9447
1936-01-16 12:00:00,290.8938
1936-02-15 12:00:00,292.10052
1936-03-16 12:00:00,292.7976
1936-04-16 00:00:00,293.07184
1936-05-16 12:00:00,292.4161
1936-06-16 00:00:00,290.68924
1936-07-16 12:00:00,290.80792
1936-08-16 12:00:00,289.28494
1936-09-16 00:00:00,289.07062
1936-10-16 12:00:00,289.7099
1936-11-16 00:00:00,289.89297
1936-12-16 12:00:00,289.49402
1937-01-16 12:00:00,290.8803
1937-02-15 00:00:00,292.32733
1937-03-16 12:00:00,291.1907
1937-04-16 00:00:00,292.3014
1937-05-16 12:00:00,290.87808
1937-06-16 00:00:00,289.23578
1937-07-16 12:00:00,288.53168
1937-08-16 12:00:00,287.51855
1937-09-16 00:00:00,288.4855
1937-10-16 12:00:00,288.98206
1937-11-16 00:00:00,289.3227
1937-12-16 12:00:00,289.78583
1938-01-16 12:00:00,291.3053
1938-02-15 00:00:00,291.0557
1938-03-16 12:00:00,291.4524
1938-04-16 00:00:00,291.85266
1938-05-16 12:00:00,290.7152
1938-06-16 00:00:00,290.46997
1938-07-16 12:00:00,290.13177
1938-08-16 12:00:00,288.5305
1938-09-16 00:00:00,288.08014
1938-10-16 12:00:00,288.9749
1938-11-16 00:00:00,289.40384
1938-12-16 12:00:00,290.1991
1939-01-16 12:00:00,291.41046
1939-02-15 00:00:00,291.24615
1939-03-16 12:00:00,291.3578
1939-04-16 00:00:00,290.72964
1939-05-16 12:00:00,291.03674
1939-06-16 00:00:00,288.94458
1939-07-16 12:00:00,289.15314
1939-08-16 12:00:00,288.20673
1939-09-16 00:00:00,288.85437
1939-10-16 12:00:00,289.4593
1939-11-16 00:00:00,290.0183
1939-12-16 12:00:00,290.2812
1940-01-16 12:00:00,290.69586
1940-02-15 12:00:00,291.53418
1940-03-16 12:00:00,291.90247
1940-04-16 00:00:00,291.53244
1940-05-16 12:00:00,291.95428
1940-06-16 00:00:00,291.30383
1940-07-16 12:00:00,289.1152
1940-08-16 12:00:00,289.3731
1940-09-16 00:00:00,290.69946
1940-10-16 12:00:00,289.58716
1940-11-16 00:00:00,289.83118
1940-12-16 12:00:00,290.98706
1941-01-16 12:00:00,291.58456
1941-02-15 00:00:00,291.53696
1941-03-16 12:00:00,292.35086
1941-04-16 00:00:00,291.31122
1941-05-16 12:00:00,291.75537
1941-06-16 00:00:00,289.528
1941-07-16 12:00:00,290.57196
1941-08-16 12:00:00,289.57132
1941-09-16 00:00:00,290.39087
1941-10-16 12:00:00,289.57928
1941-11-16 00:00:00,290.1499
1941-12-16 12:00:00,290.9436
1942-01-16 12:00:00,291.94806
1942-02-15 00:00:00,292.35397
1942-03-16 12:00:00,292.23087
1942-04-16 00:00:00,292.94012
1942-05-16 12:00:00,292.59677
1942-06-16 00:00:00,290.7406
1942-07-16 12:00:00,290.75842
1942-08-16 12:00:00,288.71863
1942-09-16 00:00:00,289.6025
1942-10-16 12:00:00,288.67957
1942-11-16 00:00:00,289.76062
1942-12-16 12:00:00,290.38913
1943-01-16 12:00:00,291.81976
1943-02-15 00:00:00,291.55264
1943-03-16 12:00:00,291.34735
1943-04-16 00:00:00,290.98773
1943-05-16 12:00:00,290.766
1943-06-16 00:00:00,290.31094
1943-07-16 12:00:00,289.5743
1943-08-16 12:00:00,289.56232
1943-09-16 00:00:00,289.0417
1943-10-16 12:00:00,290.0074
1943-11-16 00:00:00,289.62604
1943-12-16 12:00:00,289.85474
1944-01-16 12:00:00,291.3483
1944-02-15 12:00:00,292.3046
1944-03-16 12:00:00,291.04376
1944-04-16 00:00:00,291.55353
1944-05-16 12:00:00,290.25946
1944-06-16 00:00:00,290.5846
1944-07-16 12:00:00,289.86273
1944-08-16 12:00:00,290.5564
1944-09-16 00:00:00,287.96246
1944-10-16 12:00:00,289.1681
1944-11-16 00:00:00,289.10822
1944-12-16 12:00:00,289.90173
1945-01-16 12:00:00,291.49982
1945-02-15 00:00:00,292.09088
1945-03-16 12:00:00,292.49924
1945-04-16 00:00:00,292.17474
1945-05-16 12:00:00,291.03485
1945-06-16 00:00:00,289.45514
1945-07-16 12:00:00,289.97186
1945-08-16 12:00:00,289.7273
1945-09-16 00:00:00,289.8069
1945-10-16 12:00:00,289.26425
1945-11-16 00:00:00,289.2906
1945-12-16 12:00:00,290.41272
1946-01-16 12:00:00,291.36658
1946-02-15 00:00:00,291.0827
1946-03-16 12:00:00,292.05545
1946-04-16 00:00:00,291.41776
1946-05-16 12:00:00,290.649
1946-06-16 00:00:00,290.1902
1946-07-16 12:00:00,289.0221
1946-08-16 12:00:00,289.6512
1946-09-16 00:00:00,290.4642
1946-10-16 12:00:00,290.05853
1946-11-16 00:00:00,290.01215
1946-12-16 12:00:00,289.244
1947-01-16 12:00:00,290.88232
1947-02-15 00:00:00,290.911
1947-03-16 12:00:00,291.96225
1947-04-16 00:00:00,292.84616
1947-05-16 12:00:00,291.5359
1947-06-16 00:00:00,289.5829
1947-07-16 12:00:00,289.7508
1947-08-16 12:00:00,290.57538
1947-09-16 00:00:00,289.46573
1947-10-16 12:00:00,289.11627
1947-11-16 00:00:00,289.03296
1947-12-16 12:00:00,289.53452
1948-01-16 12:00:00,290.37415
1948-02-15 12:00:00,291.24686
1948-03-16 12:00:00,292.11447
1948-04-16 00:00:00,292.096
1948-05-16 12:00:00,291.13556
1948-06-16 00:00:00,290.13892
1948-07-16 12:00:00,290.1742
1948-08-16 12:00:00,289.55533
1948-09-16 00:00:00,287.38702
1948-10-16 12:00:00,289.51508
1948-11-16 00:00:00,290.45908
1948-12-16 12:00:00,290.00824
1949-01-16 12:00:00,291.03296
1949-02-15 00:00:00,292.64014
1949-03-16 12:00:00,291.45862
1949-04-16 00:00:00,291.6545
1949-05-16 12:00:00,291.79187
1949-06-16 00:00:00,288.92786
1949-07-16 12:00:00,291.52734
1949-08-16 12:00:00,288.90173
1949-09-16 00:00:00,289.96973
1949-10-16 12:00:00,289.53662
1949-11-16 00:00:00,290.24988
1949-12-16 12:00:00,290.29095
1950-01-16 12:00:00,291.46738
1950-02-15 00:00:00,291.88333
1950-03-16 12:00:00,292.62604
1950-04-16 00:00:00,292.2837
1950-05-16 12:00:00,291.1582
1950-06-16 00:00:00,290.46057
1950-07-16 12:00:00,290.70032
1950-08-16 12:00:00,290.13007
1950-09-16 00:00:00,291.20642
1950-10-16 12:00:00,289.797
1950-11-16 00:00:00,289.2036
1950-12-16 12:00:00,290.59692
1951-01-16 12:00:00,290.79828
1951-02-15 00:00:00,292.08136
1951-03-16 12:00:00,292.06714
1951-04-16 00:00:00,292.64966
1951-05-16 12:00:00,291.78046
1951-06-16 00:00:00,290.73892
1951-07-16 12:00:00,290.43552
1951-08-16 12:00:00,289.2025
1951-09-16 00:00:00,289.1338
1951-10-16 12:00:00,289.74866
1951-11-16 00:00:00,289.55518
1951-12-16 12:00:00,290.3623
1952-01-16 12:00:00,291.31476
1952-02-15 12:00:00,291.6701
1952-03-16 12:00:00,292.12457
1952-04-16 00:00:00,291.62347
1952-05-16 12:00:00,291.5898
1952-06-16 00:00:00,289.21042
1952-07-16 12:00:00,288.11667
1952-08-16 12:00:00,289.03033
1952-09-16 00:00:00,288.05194
1952-10-16 12:00:00,289.10052
1952-11-16 00:00:00,290.25885
1952-12-16 12:00:00,290.88177
1953-01-16 12:00:00,291.51672
1953-02-15 00:00:00,291.24884
1953-03-16 12:00:00,291.69568
1953-04-16 00:00:00,291.56543
1953-05-16 12:00:00,291.08398
1953-06-16 00:00:00,291.03925
1953-07-16 12:00:00,290.272
1953-08-16 12:00:00,289.3792
1953-09-16 00:00:00,288.4461
1953-10-16 12:00:00,289.34222
1953-11-16 00:00:00,289.1971
1953-12-16 12:00:00,290.68365
1954-01-16 12:00:00,291.26825
1954-02-15 00:00:00,291.6054
1954-03-16 12:00:00,292.352
1954-04-16 00:00:00,292.1481
1954-05-16 12:00:00,290.13483
1954-06-16 00:00:00,290.90253
1954-07-16 12:00:00,288.9994
1954-08-16 12:00:00,288.4782
1954-09-16 00:00:00,288.97174
1954-10-16 12:00:00,290.33926
1954-11-16 00:00:00,290.34763
1954-12-16 12:00:00,290.89395
1955-01-16 12:00:00,291.78757
1955-02-15 00:00:00,292.72278
1955-03-16 12:00:00,292.91046
1955-04-16 00:00:00,291.5209
1955-05-16 12:00:00,292.28406
1955-06-16 00:00:00,290.10992
1955-07-16 12:00:00,288.7511
1955-08-16 12:00:00,288.66223
1955-09-16 00:00:00,290.53015
1955-10-16 12:00:00,289.26978
1955-11-16 00:00:00,289.65564
1955-12-16 12:00:00,290.1563
1956-01-16 12:00:00,291.71118
1956-02-15 12:00:00,291.797
1956-03-16 12:00:00,292.53638
1956-04-16 00:00:00,292.35248
1956-05-16 12:00:00,289.6385
1956-06-16 00:00:00,289.0268
1956-07-16 12:00:00,290.3097
1956-08-16 12:00:00,289.8778
1956-09-16 00:00:00,289.41556
1956-10-16 12:00:00,289.15228
1956-11-16 00:00:00,290.25153
1956-12-16 12:00:00,290.5267
1957-01-16 12:00:00,290.768
1957-02-15 00:00:00,291.87238
1957-03-16 12:00:00,291.8225
1957-04-16 00:00:00,292.06378
1957-05-16 12:00:00,291.26248
1957-06-16 00:00:00,289.0363
1957-07-16 12:00:00,289.13583
1957-08-16 12:00:00,286.66196
1957-09-16 00:00:00,288.012
1957-10-16 12:00:00,289.81534
1957-11-16 00:00:00,289.3869
1957-12-16 12:00:00,289.97397
1958-01-16 12:00:00,290.7214
1958-02-15 00:00:00,290.62054
1958-03-16 12:00:00,292.3521
1958-04-16 00:00:00,292.25592
1958-05-16 12:00:00,292.2032
1958-06-16 00:00:00,290.852
1958-07-16 12:00:00,290.07196
1958-08-16 12:00:00,288.6365
1958-09-16 00:00:00,288.79477
1958-10-16 12:00:00,289.1901
1958-11-16 00:00:00,288.6811
1958-12-16 12:00:00,289.78772
1959-01-16 12:00:00,291.5249
1959-02-15 00:00:00,292.26453
1959-03-16 12:00:00,292.08438
1959-04-16 00:00:00,291.73962
1959-05-16 12:00:00,290.08203
1959-06-16 00:00:00,290.89066
1959-07-16 12:00:00,289.07605
1959-08-16 12:00:00,287.75293
1959-09-16 00:00:00,288.51056
1959-10-16 12:00:00,288.63202
1959-11-16 00:00:00,289.40524
1959-12-16 12:00:00,290.12976
1960-01-16 12:00:00,290.23358
1960-02-15 12:00:00,291.24762
1960-03-16 12:00:00,291.1656
1960-04-16 00:00:00,291.71405
1960-05-16 12:00:00,291.16147
1960-06-16 00:00:00,290.62872
1960-07-16 12:00:00,290.3378
1960-08-16 12:00:00,288.84616
1960-09-16 00:00:00,289.71234
1960-10-16 12:00:00,289.03845
1960-11-16 00:00:00,288.64545
1960-12-16 12:00:00,290.59113
1961-01-16 12:00:00,290.60617
1961-02-15 00:00:00,291.96988
1961-03-16 12:00:00,292.72992
1961-04-16 00:00:00,292.21475
1961-05-16 12:00:00,290.82446
1961-06-16 00:00:00,290.84985
1961-07-16 12:00:00,289.91895
1961-08-16 12:00:00,289.0791
1961-09-16 00:00:00,290.497
1961-10-16 12:00:00,290.0087
1961-11-16 00:00:00,289.54352
1961-12-16 12:00:00,289.24982
1962-01-16 12:00:00,290.66852
1962-02-15 00:00:00,291.83337
1962-03-16 12:00:00,291.57742
1962-04-16 00:00:00,292.25586
1962-05-16 12:00:00,290.4394
1962-06-16 00:00:00,289.80737
1962-07-16 12:00:00,290.57468
1962-08-16 12:00:00,290.23468
1962-09-16 00:00:00,289.0766
1962-10-16 12:00:00,289.71008
1962-11-16 00:00:00,289.73297
1962-12-16 12:00:00,290.26746
1963-01-16 12:00:00,291.96814
1963-02-15 00:00:00,292.04974
1963-03-16 12:00:00,292.30737
1963-04-16 00:00:00,292.8629
1963-05-16 12:00:00,292.97644
1963-06-16 00:00:00,292.4897
1963-07-16 12:00:00,291.3033
1963-08-16 12:00:00,292.08344
1963-09-16 00:00:00,290.25098
1963-10-16 12:00:00,289.66028
1963-11-16 00:00:00,290.3844
1963-12-16 12:00:00,290.85028
1964-01-16 12:00:00,291.4348
1964-02-15 12:00:00,292.3057
1964-03-16 12:00:00,292.5761
1964-04-16 00:00:00,292.33136
1964-05-16 12:00:00,291.6725
1964-06-16 00:00:00,291.14203
1964-07-16 12:00:00,289.66562
1964-08-16 12:00:00,287.45612
1964-09-16 00:00:00,288.7711
1964-10-16 12:00:00,290.02008
1964-11-16 00:00:00,289.86023
1964-12-16 12:00:00,289.8883
1965-01-16 12:00:00,290.91702
1965-02-15 00:00:00,291.23965
1965-03-16 12:00:00,291.2838
1965-04-16 00:00:00,291.39252
1965-05-16 12:00:00,291.24506
1965-06-16 00:00:00,289.81085
1965-07-16 12:00:00,289.60657
1965-08-16 12:00:00,289.67215
1965-09-16 00:00:00,288.3495
1965-10-16 12:00:00,289.78912
1965-11-16 00:00:00,290.24887
1965-12-16 12:00:00,289.74973
1966-01-16 12:00:00,291.43506
1966-02-15 00:00:00,292.00394
1966-03-16 12:00:00,291.0567
1966-04-16 00:00:00,292.05383
1966-05-16 12:00:00,291.47998
1966-06-16 00:00:00,290.23285
1966-07-16 12:00:00,288.67
1966-08-16 12:00:00,288.0986
1966-09-16 00:00:00,288.17145
1966-10-16 12:00:00,288.72412
1966-11-16 00:00:00,289.4195
1966-12-16 12:00:00,289.88147
1967-01-16 12:00:00,290.61792
1967-02-15 00:00:00,291.13525
1967-03-16 12:00:00,291.28918
1967-04-16 00:00:00,291.21417
1967-05-16 12:00:00,291.11505
1967-06-16 00:00:00,290.2348
1967-07-16 12:00:00,290.87482
1967-08-16 12:00:00,288.75754
1967-09-16 00:00:00,290.16852
1967-10-16 12:00:00,289.12402
1967-11-16 00:00:00,289.87036
1967-12-16 12:00:00,290.58984
1968-01-16 12:00:00,292.27383
1968-02-15 12:00:00,293.09918
1968-03-16 12:00:00,292.85986
1968-04-16 00:00:00,293.09747
1968-05-16 12:00:00,291.71283
1968-06-16 00:00:00,289.54272
1968-07-16 12:00:00,288.8399
1968-08-16 12:00:00,288.96344
1968-09-16 00:00:00,289.18845
1968-10-16 12:00:00,288.30194
1968-11-16 00:00:00,289.46814
1968-12-16 12:00:00,290.4281
1969-01-16 12:00:00,290.9378
1969-02-15 00:00:00,291.2058
1969-03-16 12:00:00,291.4799
1969-04-16 00:00:00,291.6235
1969-05-16 12:00:00,290.18805
1969-06-16 00:00:00,289.65247
1969-07-16 12:00:00,288.8942
1969-08-16 12:00:00,288.3206
1969-09-16 00:00:00,288.2409
1969-10-16 12:00:00,289.30267
1969-11-16 00:00:00,289.34412
1969-12-16 12:00:00,289.21027
1970-01-16 12:00:00,290.3216
1970-02-15 00:00:00,291.42554
1970-03-16 12:00:00,291.08133
1970-04-16 00:00:00,292.1582
1970-05-16 12:00:00,290.91644
1970-06-16 00:00:00,291.40652
1970-07-16 12:00:00,290.8254
1970-08-16 12:00:00,288.62253
1970-09-16 00:00:00,288.5299
1970-10-16 12:00:00,289.15594
1970-11-16 00:00:00,289.3786
1970-12-16 12:00:00,289.48715
1971-01-16 12:00:00,291.11053
1971-02-15 00:00:00,291.99353
1971-03-16 12:00:00,292.0531
1971-04-16 00:00:00,292.5598
1971-05-16 12:00:00,292.9004
1971-06-16 00:00:00,292.76196
1971-07-16 12:00:00,290.35046
1971-08-16 12:00:00,291.1132
1971-09-16 00:00:00,290.32574
1971-10-16 12:00:00,290.1011
1971-11-16 00:00:00,289.64502
1971-12-16 12:00:00,291.04984
1972-01-16 12:00:00,292.19302
1972-02-15 12:00:00,293.43842
1972-03-16 12:00:00,293.5556
1972-04-16 00:00:00,293.20377
1972-05-16 12:00:00,292.78268
1972-06-16 00:00:00,290.3233
1972-07-16 12:00:00,291.06757
1972-08-16 12:00:00,288.55737
1972-09-16 00:00:00,290.0907
1972-10-16 12:00:00,290.53973
1972-11-16 00:00:00,291.7185
1972-12-16 12:00:00,290.38184
1973-01-16 12:00:00,292.09564
1973-02-15 00:00:00,292.78998
1973-03-16 12:00:00,293.07956
1973-04-16 00:00:00,292.7434
1973-05-16 12:00:00,292.49896
1973-06-16 00:00:00,290.6202
1973-07-16 12:00:00,289.0578
1973-08-16 12:00:00,289.1587
1973-09-16 00:00:00,288.80255
1973-10-16 12:00:00,289.71643
1973-11-16 00:00:00,289.88098
1973-12-16 12:00:00,289.81982
1974-01-16 12:00:00,291.70197
1974-02-15 00:00:00,291.85632
1974-03-16 12:00:00,291.98596
1974-04-16 00:00:00,292.12122
1974-05-16 12:00:00,291.05945
1974-06-16 00:00:00,290.57648
1974-07-16 12:00:00,288.72412
1974-08-16 12:00:00,290.297
1974-09-16 00:00:00,289.82916
1974-10-16 12:00:00,289.5719
1974-11-16 00:00:00,289.97903
1974-12-16 12:00:00,289.78607
1975-01-16 12:00:00,291.4286
1975-02-15 00:00:00,292.19885
1975-03-16 12:00:00,292.39618
1975-04-16 00:00:00,292.09097
1975-05-16 12:00:00,291.39862
1975-06-16 00:00:00,290.41107
1975-07-16 12:00:00,291.00568
1975-08-16 12:00:00,289.38776
1975-09-16 00:00:00,289.79468
1975-10-16 12:00:00,289.5821
1975-11-16 00:00:00,289.93304
1975-12-16 12:00:00,290.63605
1976-01-16 12:00:00,291.48975
1976-02-15 12:00:00,292.8858
1976-03-16 12:00:00,292.90143
1976-04-16 00:00:00,293.362
1976-05-16 12:00:00,292.31104
1976-06-16 00:00:00,291.9394
1976-07-16 12:00:00,289.34662
1976-08-16 12:00:00,290.07382
1976-09-16 00:00:00,287.55475
1976-10-16 12:00:00,290.10815
1976-11-16 00:00:00,290.1848
1976-12-16 12:00:00,290.6239
1977-01-16 12:00:00,292.5637
1977-02-15 00:00:00,291.3359
1977-03-16 12:00:00,292.4603
1977-04-16 00:00:00,292.6396
1977-05-16 12:00:00,290.8565
1977-06-16 00:00:00,291.7627
1977-07-16 12:00:00,290.81396
1977-08-16 12:00:00,288.6823
1977-09-16 00:00:00,289.8463
1977-10-16 12:00:00,289.02466
1977-11-16 00:00:00,289.68356
1977-12-16 12:00:00,290.20605
1978-01-16 12:00:00,291.0423
1978-02-15 00:00:00,291.99103
1978-03-16 12:00:00,292.65656
1978-04-16 00:00:00,292.74542
1978-05-16 12:00:00,292.3695
1978-06-16 00:00:00,291.74316
1978-07-16 12:00:00,289.22928
1978-08-16 12:00:00,289.24072
1978-09-16 00:00:00,289.7235
1978-10-16 12:00:00,289.63916
1978-11-16 00:00:00,289.81793
1978-12-16 12:00:00,291.10187
1979-01-16 12:00:00,291.01123
1979-02-15 00:00:00,291.82642
1979-03-16 12:00:00,292.58557
1979-04-16 00:00:00,292.98456
1979-05-16 12:00:00,292.33356
1979-06-16 00:00:00,288.8764
1979-07-16 12:00:00,289.80148
1979-08-16 12:00:00,288.43738
1979-09-16 00:00:00,288.5838
1979-10-16 12:00:00,290.70282
1979-11-16 00:00:00,290.17557
1979-12-16 12:00:00,291.0425
1980-01-16 12:00:00,291.18842
1980-02-15 12:00:00,292.23755
1980-03-16 12:00:00,292.83795
1980-04-16 00:00:00,292.9912
1980-05-16 12:00:00,291.94464
1980-06-16 00:00:00,290.29877
1980-07-16 12:00:00,291.5786
1980-08-16 12:00:00,290.5854
1980-09-16 00:00:00,291.84277
1980-10-16 12:00:00,290.06458
1980-11-16 00:00:00,289.6897
1980-12-16 12:00:00,290.06372
1981-01-16 12:00:00,291.49365
1981-02-15 00:00:00,292.06586
1981-03-16 12:00:00,292.3781
1981-04-16 00:00:00,292.34277
1981-05-16 12:00:00,290.5822
1981-06-16 00:00:00,289.40466
1981-07-16 12:00:00,290.3125
1981-08-16 12:00:00,289.42072
1981-09-16 00:00:00,290.52026
1981-10-16 12:00:00,289.47186
1981-11-16 00:00:00,289.8814
1981-12-16 12:00:00,290.2458
1982-01-16 12:00:00,291.38956
1982-02-15 00:00:00,292.32013
1982-03-16 12:00:00,292.5832
1982-04-16 00:00:00,292.4129
1982-05-16 12:00:00,290.88
1982-06-16 00:00:00,290.7846
1982-07-16 12:00:00,290.511
1982-08-16 12:00:00,289.56125
1982-09-16 00:00:00,289.67108
1982-10-16 12:00:00,288.9892
1982-11-16 00:00:00,289.7338
1982-12-16 12:00:00,290.8521
1983-01-16 12:00:00,291.8045
1983-02-15 00:00:00,292.22754
1983-03-16 12:00:00,292.20187
1983-04-16 00:00:00,292.03168
1983-05-16 12:00:00,291.3509
1983-06-16 00:00:00,290.90216
1983-07-16 12:00:00,290.4817
1983-08-16 12:00:00,289.039
1983-09-16 00:00:00,289.86365
1983-10-16 12:00:00,289.4234
1983-11-16 00:00:00,290.13943
1983-12-16 12:00:00,291.39264
1984-01-16 12:00:00,292.1933
1984-02-15 12:00:00,292.86038
1984-03-16 12:00:00,292.27155
1984-04-16 00:00:00,292.2099
1984-05-16 12:00:00,291.7818
1984-06-16 00:00:00,290.9056
1984-07-16 12:00:00,289.49445
1984-08-16 12:00:00,288.4895
1984-09-16 00:00:00,289.1175
1984-10-16 12:00:00,289.9256
1984-11-16 00:00:00,290.1961
1984-12-16 12:00:00,291.09906
1985-01-16 12:00:00,291.64325
1985-02-15 00:00:00,291.78287
1985-03-16 12:00:00,292.604
1985-04-16 00:00:00,292.21024
1985-05-16 12:00:00,291.1371
1985-06-16 00:00:00,290.42902
1985-07-16 12:00:00,290.06375
1985-08-16 12:00:00,288.21417
1985-09-16 00:00:00,289.91046
1985-10-16 12:00:00,289.2602
1985-11-16 00:00:00,290.11517
1985-12-16 12:00:00,291.21954
1986-01-16 12:00:00,292.52917
1986-02-15 00:00:00,291.47192
1986-03-16 12:00:00,292.87936
1986-04-16 00:00:00,292.38812
1986-05-16 12:00:00,291.53552
1986-06-16 00:00:00,290.0352
1986-07-16 12:00:00,290.8073
1986-08-16 12:00:00,290.8044
1986-09-16 00:00:00,287.51083
1986-10-16 12:00:00,289.01187
1986-11-16 00:00:00,290.43854
1986-12-16 12:00:00,290.97534
1987-01-16 12:00:00,291.99152
1987-02-15 00:00:00,292.64932
1987-03-16 12:00:00,292.54144
1987-04-16 00:00:00,292.7168
1987-05-16 12:00:00,292.08246
1987-06-16 00:00:00,290.23355
1987-07-16 12:00:00,290.27643
1987-08-16 12:00:00,291.21036
1987-09-16 00:00:00,288.26935
1987-10-16 12:00:00,289.7938
1987-11-16 00:00:00,290.0549
1987-12-16 12:00:00,291.11298
1988-01-16 12:00:00,292.83667
1988-02-15 12:00:00,292.7994
1988-03-16 12:00:00,292.3042
1988-04-16 00:00:00,292.65927
1988-05-16 12:00:00,292.57108
1988-06-16 00:00:00,291.20276
1988-07-16 12:00:00,290.5987
1988-08-16 12:00:00,289.4001
1988-09-16 00:00:00,290.18365
1988-10-16 12:00:00,290.92535
1988-11-16 00:00:00,289.5721
1988-12-16 12:00:00,290.94678
1989-01-16 12:00:00,292.56842
1989-02-15 00:00:00,292.7512
1989-03-16 12:00:00,293.36377
1989-04-16 00:00:00,293.97473
1989-05-16 12:00:00,292.95355
1989-06-16 00:00:00,290.5807
1989-07-16 12:00:00,291.94586
1989-08-16 12:00:00,292.05786
1989-09-16 00:00:00,292.12738
1989-10-16 12:00:00,290.9654
1989-11-16 00:00:00,290.8897
1989-12-16 12:00:00,291.46988
1990-01-16 12:00:00,293.08194
1990-02-15 00:00:00,293.88928
1990-03-16 12:00:00,294.71454
1990-04-16 00:00:00,294.47174
1990-05-16 12:00:00,291.2696
1990-06-16 00:00:00,290.83386
1990-07-16 12:00:00,289.94223
1990-08-16 12:00:00,291.50397
1990-09-16 00:00:00,291.56384
1990-10-16 12:00:00,291.0728
1990-11-16 00:00:00,291.37195
1990-12-16 12:00:00,292.0949
1991-01-16 12:00:00,293.16397
1991-02-15 00:00:00,293.05078
1991-03-16 12:00:00,293.28864
1991-04-16 00:00:00,293.7825
1991-05-16 12:00:00,292.5959
1991-06-16 00:00:00,292.383
1991-07-16 12:00:00,288.83948
1991-08-16 12:00:00,288.5129
1991-09-16 00:00:00,290.1751
1991-10-16 12:00:00,290.46307
1991-11-16 00:00:00,289.48267
1991-12-16 12:00:00,290.11212
1992-01-16 12:00:00,291.0747
1992-02-15 12:00:00,290.8266
1992-03-16 12:00:00,291.5448
1992-04-16 00:00:00,291.1524
1992-05-16 12:00:00,291.94373
1992-06-16 00:00:00,291.27588
1992-07-16 12:00:00,290.06805
1992-08-16 12:00:00,288.94113
1992-09-16 00:00:00,290.40744
1992-10-16 12:00:00,289.96027
1992-11-16 00:00:00,288.31918
1992-12-16 12:00:00,289.85693
1993-01-16 12:00:00,290.42633
1993-02-15 00:00:00,291.06747
1993-03-16 12:00:00,292.31723
1993-04-16 00:00:00,292.41962
1993-05-16 12:00:00,291.47888
1993-06-16 00:00:00,290.36346
1993-07-16 12:00:00,290.70242
1993-08-16 12:00:00,289.89972
1993-09-16 00:00:00,289.38684
1993-10-16 12:00:00,288.49152
1993-11-16 00:00:00,289.02594
1993-12-16 12:00:00,291.01202
1994-01-16 12:00:00,291.35483
1994-02-15 00:00:00,292.20392
1994-03-16 12:00:00,292.51154
1994-04-16 00:00:00,291.63156
1994-05-16 12:00:00,291.85895
1994-06-16 00:00:00,291.4393
1994-07-16 12:00:00,291.26813
1994-08-16 12:00:00,289.33875
1994-09-16 00:00:00,289.5874
1994-10-16 12:00:00,290.98035
1994-11-16 00:00:00,289.15173
1994-12-16 12:00:00,290.68793
1995-01-16 12:00:00,290.988
1995-02-15 00:00:00,290.9615
1995-03-16 12:00:00,291.8568
1995-04-16 00:00:00,292.96655
1995-05-16 12:00:00,290.3274
1995-06-16 00:00:00,290.79266
1995-07-16 12:00:00,290.024
1995-08-16 12:00:00,288.30573
1995-09-16 00:00:00,290.66223
1995-10-16 12:00:00,290.65912
1995-11-16 00:00:00,290.00452
1995-12-16 12:00:00,289.9154
1996-01-16 12:00:00,291.2622
1996-02-15 12:00:00,292.9708
1996-03-16 12:00:00,292.95456
1996-04-16 00:00:00,292.6259
1996-05-16 12:00:00,292.4096
1996-06-16 00:00:00,291.8687
1996-07-16 12:00:00,290.80212
1996-08-16 12:00:00,290.57602
1996-09-16 00:00:00,290.71527
1996-10-16 12:00:00,290.07263
1996-11-16 00:00:00,289.5923
1996-12-16 12:00:00,290.8237
1997-01-16 12:00:00,291.5276
1997-02-15 00:00:00,291.95233
1997-03-16 12:00:00,292.8664
1997-04-16 00:00:00,292.69238
1997-05-16 12:00:00,291.80896
1997-06-16 00:00:00,291.36563
1997-07-16 12:00:00,290.11847
1997-08-16 12:00:00,291.0797
1997-09-16 00:00:00,288.89728
1997-10-16 12:00:00,289.90952
1997-11-16 00:00:00,289.72565
1997-12-16 12:00:00,291.75696
1998-01-16 12:00:00,293.51862
1998-02-15 00:00:00,293.0191
1998-03-16 12:00:00,293.86734
1998-04-16 00:00:00,294.69473
1998-05-16 12:00:00,293.8499
1998-06-16 00:00:00,291.13007
1998-07-16 12:00:00,291.02722
1998-08-16 12:00:00,290.79675
1998-09-16 00:00:00,293.14282
1998-10-16 12:00:00,291.74738
1998-11-16 00:00:00,291.37378
1998-12-16 12:00:00,292.2151
1999-01-16 12:00:00,291.5725
1999-02-15 00:00:00,292.69647
1999-03-16 12:00:00,293.20197
1999-04-16 00:00:00,292.58795
1999-05-16 12:00:00,292.26172
1999-06-16 00:00:00,292.76608
1999-07-16 12:00:00,290.04248
1999-08-16 12:00:00,290.7353
1999-09-16 00:00:00,288.16904
1999-10-16 12:00:00,288.09686
1999-11-16 00:00:00,289.77246
1999-12-16 12:00:00,290.5833
2000-01-16 12:00:00,291.40305
2000-02-15 12:00:00,291.61536
2000-03-16 12:00:00,292.34015
2000-04-16 00:00:00,291.7176
2000-05-16 12:00:00,292.17285
2000-06-16 00:00:00,290.01816
2000-07-16 12:00:00,289.80807
2000-08-16 12:00:00,289.85657
2000-09-16 00:00:00,290.2785
2000-10-16 12:00:00,290.82434
2000-11-16 00:00:00,289.87708
2000-12-16 12:00:00,290.1043
2001-01-16 12:00:00,291.3664
2001-02-15 00:00:00,292.732
2001-03-16 12:00:00,292.90717
2001-04-16 00:00:00,292.94196
2001-05-16 12:00:00,291.8263
2001-06-16 00:00:00,290.5755
2001-07-16 12:00:00,290.89594
2001-08-16 12:00:00,288.7261
2001-09-16 00:00:00,287.57376
2001-10-16 12:00:00,289.9229
2001-11-16 00:00:00,290.17
2001-12-16 12:00:00,291.06708
2002-01-16 12:00:00,292.58804
2002-02-15 00:00:00,293.42377
2002-03-16 12:00:00,292.908
2002-04-16 00:00:00,293.38293
2002-05-16 12:00:00,292.61914
2002-06-16 00:00:00,291.96283
2002-07-16 12:00:00,290.70532
2002-08-16 12:00:00,290.66705
2002-09-16 00:00:00,290.6905
2002-10-16 12:00:00,290.55643
2002-11-16 00:00:00,291.26678
2002-12-16 12:00:00,291.41986
2003-01-16 12:00:00,291.6949
2003-02-15 00:00:00,293.02417
2003-03-16 12:00:00,294.59125
2003-04-16 00:00:00,293.78113
2003-05-16 12:00:00,291.90363
2003-06-16 00:00:00,291.4885
2003-07-16 12:00:00,290.5678
2003-08-16 12:00:00,291.12628
2003-09-16 00:00:00,289.79358
2003-10-16 12:00:00,290.29138
2003-11-16 00:00:00,291.4112
2003-12-16 12:00:00,290.5685
2004-01-16 12:00:00,291.71863
2004-02-15 12:00:00,292.60562
2004-03-16 12:00:00,293.04083
2004-04-16 00:00:00,292.91992
2004-05-16 12:00:00,292.22925
2004-06-16 00:00:00,290.31854
2004-07-16 12:00:00,289.69028
2004-08-16 12:00:00,289.22232
2004-09-16 00:00:00,290.59808
2004-10-16 12:00:00,289.97058
2004-11-16 00:00:00,289.63736
2004-12-16 12:00:00,290.1334
2005-01-16 12:00:00,292.0708
2005-02-15 00:00:00,292.3841
2005-03-16 12:00:00,292.56384
2005-04-16 00:00:00,292.5578
2005-05-16 12:00:00,292.2957
2005-06-16 00:00:00,291.0038
2005-07-16 12:00:00,290.65323
2005-08-16 12:00:00,290.977
2005-09-16 00:00:00,290.17853
2005-10-16 12:00:00,289.37378
2005-11-16 00:00:00,289.8776
